StaticObjectPrefab	Airport Details Pack Countinue Alphabet Mark A Small Decal
StaticObjectPrefab	Airport Details Pack Countinue Alphabet Mark A Decal
StaticObjectPrefab	Airport Details Pack Countinue Alphabet Mark B Small Decal
StaticObjectPrefab	Airport Details Pack Countinue Alphabet Mark B Decal
StaticObjectPrefab	Airport Details Pack Countinue Alphabet Mark C Small Decal
StaticObjectPrefab	Airport Details Pack Countinue Alphabet Mark C Decal
StaticObjectPrefab	Airport Details Pack Countinue Alphabet Mark D Small Decal
StaticObjectPrefab	Airport Details Pack Countinue Alphabet Mark D Decal
StaticObjectPrefab	Airport Details Pack Countinue Alphabet Mark E Small Decal
StaticObjectPrefab	Airport Details Pack Countinue Alphabet Mark E Decal
StaticObjectPrefab	Airport Details Pack Countinue Alphabet Mark F Small Decal
StaticObjectPrefab	Airport Details Pack Countinue Alphabet Mark F Decal
StaticObjectPrefab	Airport Details Pack Countinue Alphabet Mark G Small Decal
StaticObjectPrefab	Airport Details Pack Countinue Alphabet Mark G Decal
StaticObjectPrefab	Airport Details Pack Countinue Alphabet Mark H Small Decal
StaticObjectPrefab	Airport Details Pack Countinue Alphabet Mark H Decal
StaticObjectPrefab	Airport Details Pack Countinue Alphabet Mark I Small Decal
StaticObjectPrefab	Airport Details Pack Countinue Alphabet Mark I Decal
StaticObjectPrefab	Airport Details Pack Countinue Alphabet Mark J Small Decal
StaticObjectPrefab	Airport Details Pack Countinue Alphabet Mark J Decal
StaticObjectPrefab	Airport Details Pack Countinue Alphabet Mark K Small Decal
StaticObjectPrefab	Airport Details Pack Countinue Alphabet Mark K Decal
StaticObjectPrefab	Airport Details Pack Countinue Alphabet Mark L Small Decal
StaticObjectPrefab	Airport Details Pack Countinue Alphabet Mark L Decal
StaticObjectPrefab	Airport Details Pack Countinue Alphabet Mark M Small Decal
StaticObjectPrefab	Airport Details Pack Countinue Alphabet Mark M Decal
StaticObjectPrefab	Airport Details Pack Countinue Alphabet Mark N Small Decal
StaticObjectPrefab	Airport Details Pack Countinue Alphabet Mark N Decal
StaticObjectPrefab	Airport Details Pack Countinue Alphabet Mark O Small Decal
StaticObjectPrefab	Airport Details Pack Countinue Alphabet Mark O Decal
StaticObjectPrefab	Airport Details Pack Countinue Alphabet Mark P Small Decal
StaticObjectPrefab	Airport Details Pack Countinue Alphabet Mark P Decal
StaticObjectPrefab	Airport Details Pack Countinue Alphabet Mark Q Small Decal
StaticObjectPrefab	Airport Details Pack Countinue Alphabet Mark Q Decal
StaticObjectPrefab	Airport Details Pack Countinue Alphabet Mark R Small Decal
StaticObjectPrefab	Airport Details Pack Countinue Alphabet Mark R Decal
StaticObjectPrefab	Airport Details Pack Countinue Alphabet Mark S Small Decal
StaticObjectPrefab	Airport Details Pack Countinue Alphabet Mark S Decal
StaticObjectPrefab	Airport Details Pack Countinue Alphabet Mark T Small Decal
StaticObjectPrefab	Airport Details Pack Countinue Alphabet Mark T Decal
StaticObjectPrefab	Airport Details Pack Countinue Alphabet Mark U Small Decal
StaticObjectPrefab	Airport Details Pack Countinue Alphabet Mark U Decal
StaticObjectPrefab	Airport Details Pack Countinue Alphabet Mark V Small Decal
StaticObjectPrefab	Airport Details Pack Countinue Alphabet Mark V Decal
StaticObjectPrefab	Airport Details Pack Countinue Alphabet Mark W Small Decal
StaticObjectPrefab	Airport Details Pack Countinue Alphabet Mark W Decal
StaticObjectPrefab	Airport Details Pack Countinue Alphabet Mark X Small Decal
StaticObjectPrefab	Airport Details Pack Countinue Alphabet Mark X Decal
StaticObjectPrefab	Airport Details Pack Countinue Alphabet Mark Y Small Decal
StaticObjectPrefab	Airport Details Pack Countinue Alphabet Mark Y Decal
StaticObjectPrefab	Airport Details Pack Countinue Alphabet Mark Z Small Decal
StaticObjectPrefab	Airport Details Pack Countinue Alphabet Mark Z Decal
StaticObjectPrefab	Airport Details Pack Countinue Alphabet Num 0 Small Decal
StaticObjectPrefab	Airport Details Pack Countinue Alphabet Num 0 Decal
StaticObjectPrefab	Airport Details Pack Countinue Alphabet Num 1 Small Decal
StaticObjectPrefab	Airport Details Pack Countinue Alphabet Num 1 Decal
StaticObjectPrefab	Airport Details Pack Countinue Alphabet Num 2 Small Decal
StaticObjectPrefab	Airport Details Pack Countinue Alphabet Num 2 Decal
StaticObjectPrefab	Airport Details Pack Countinue Alphabet Num 3 Small Decal
StaticObjectPrefab	Airport Details Pack Countinue Alphabet Num 3 Decal
StaticObjectPrefab	Airport Details Pack Countinue Alphabet Num 4 Small Decal
StaticObjectPrefab	Airport Details Pack Countinue Alphabet Num 4 Decal
StaticObjectPrefab	Airport Details Pack Countinue Alphabet Num 5 Small Decal
StaticObjectPrefab	Airport Details Pack Countinue Alphabet Num 5 Decal
StaticObjectPrefab	Airport Details Pack Countinue Alphabet Num 6 Small Decal
StaticObjectPrefab	Airport Details Pack Countinue Alphabet Num 6 Decal
StaticObjectPrefab	Airport Details Pack Countinue Alphabet Num 7 Small Decal
StaticObjectPrefab	Airport Details Pack Countinue Alphabet Num 7 Decal
StaticObjectPrefab	Airport Details Pack Countinue Alphabet Num 8 Small Decal
StaticObjectPrefab	Airport Details Pack Countinue Alphabet Num 8 Decal
StaticObjectPrefab	Airport Details Pack Countinue Alphabet Num 9 Small Decal
StaticObjectPrefab	Airport Details Pack Countinue Alphabet Num 9 Decal
StaticObjectPrefab	Airport Details Pack Countinue Alphabet Dash Mark Small Decal
StaticObjectPrefab	Airport Details Pack Countinue Alphabet Dash Mark Decal
StaticObjectPrefab	Airport Details Pack Countinue AssemblyCharacters Black A 2m Decal
StaticObjectPrefab	Airport Details Pack Countinue AssemblyCharacters Black A 4m Decal
StaticObjectPrefab	Airport Details Pack Countinue AssemblyCharacters Yellow A 2m Decal
StaticObjectPrefab	Airport Details Pack Countinue AssemblyCharacters Yellow A 4m Decal
StaticObjectPrefab	Airport Details Pack Countinue AssemblyCharacters Black B 2m Decal
StaticObjectPrefab	Airport Details Pack Countinue AssemblyCharacters Black B 4m Decal
StaticObjectPrefab	Airport Details Pack Countinue AssemblyCharacters Yellow B 2m Decal
StaticObjectPrefab	Airport Details Pack Countinue AssemblyCharacters Yellow B 4m Decal
StaticObjectPrefab	Airport Details Pack Countinue AssemblyCharacters Black C 2m Decal
StaticObjectPrefab	Airport Details Pack Countinue AssemblyCharacters Black C 4m Decal
StaticObjectPrefab	Airport Details Pack Countinue AssemblyCharacters Yellow C 2m Decal
StaticObjectPrefab	Airport Details Pack Countinue AssemblyCharacters Yellow C 4m Decal
StaticObjectPrefab	Airport Details Pack Countinue AssemblyCharacters Black D 2m Decal
StaticObjectPrefab	Airport Details Pack Countinue AssemblyCharacters Black D 4m Decal
StaticObjectPrefab	Airport Details Pack Countinue AssemblyCharacters Yellow D 2m Decal
StaticObjectPrefab	Airport Details Pack Countinue AssemblyCharacters Yellow D 4m Decal
StaticObjectPrefab	Airport Details Pack Countinue AssemblyCharacters Black E 2m Decal
StaticObjectPrefab	Airport Details Pack Countinue AssemblyCharacters Black E 4m Decal
StaticObjectPrefab	Airport Details Pack Countinue AssemblyCharacters Yellow E 2m Decal
StaticObjectPrefab	Airport Details Pack Countinue AssemblyCharacters Yellow E 4m Decal
StaticObjectPrefab	Airport Details Pack Countinue AssemblyCharacters Black F 2m Decal
StaticObjectPrefab	Airport Details Pack Countinue AssemblyCharacters Black F 4m Decal
StaticObjectPrefab	Airport Details Pack Countinue AssemblyCharacters Yellow F 2m Decal
StaticObjectPrefab	Airport Details Pack Countinue AssemblyCharacters Yellow F 4m Decal
StaticObjectPrefab	Airport Details Pack Countinue AssemblyCharacters Black G 2m Decal
StaticObjectPrefab	Airport Details Pack Countinue AssemblyCharacters Black G 4m Decal
StaticObjectPrefab	Airport Details Pack Countinue AssemblyCharacters Yellow G 2m Decal
StaticObjectPrefab	Airport Details Pack Countinue AssemblyCharacters Yellow G 4m Decal
StaticObjectPrefab	Airport Details Pack Countinue AssemblyCharacters Black H 2m Decal
StaticObjectPrefab	Airport Details Pack Countinue AssemblyCharacters Black H 4m Decal
StaticObjectPrefab	Airport Details Pack Countinue AssemblyCharacters Yellow H 2m Decal
StaticObjectPrefab	Airport Details Pack Countinue AssemblyCharacters Yellow H 4m Decal
StaticObjectPrefab	Airport Details Pack Countinue AssemblyCharacters Black I 2m Decal
StaticObjectPrefab	Airport Details Pack Countinue AssemblyCharacters Black I 4m Decal
StaticObjectPrefab	Airport Details Pack Countinue AssemblyCharacters Yellow I 2m Decal
StaticObjectPrefab	Airport Details Pack Countinue AssemblyCharacters Yellow I 4m Decal
StaticObjectPrefab	Airport Details Pack Countinue AssemblyCharacters Black J 2m Decal
StaticObjectPrefab	Airport Details Pack Countinue AssemblyCharacters Black J 4m Decal
StaticObjectPrefab	Airport Details Pack Countinue AssemblyCharacters Yellow J 2m Decal
StaticObjectPrefab	Airport Details Pack Countinue AssemblyCharacters Yellow J 4m Decal
StaticObjectPrefab	Airport Details Pack Countinue AssemblyCharacters Black K 2m Decal
StaticObjectPrefab	Airport Details Pack Countinue AssemblyCharacters Black K 4m Decal
StaticObjectPrefab	Airport Details Pack Countinue AssemblyCharacters Yellow K 2m Decal
StaticObjectPrefab	Airport Details Pack Countinue AssemblyCharacters Yellow K 4m Decal
StaticObjectPrefab	Airport Details Pack Countinue AssemblyCharacters Black L 2m Decal
StaticObjectPrefab	Airport Details Pack Countinue AssemblyCharacters Black L 4m Decal
StaticObjectPrefab	Airport Details Pack Countinue AssemblyCharacters Yellow L 2m Decal
StaticObjectPrefab	Airport Details Pack Countinue AssemblyCharacters Yellow L 4m Decal
StaticObjectPrefab	Airport Details Pack Countinue AssemblyCharacters Black M 2m Decal
StaticObjectPrefab	Airport Details Pack Countinue AssemblyCharacters Black M 4m Decal
StaticObjectPrefab	Airport Details Pack Countinue AssemblyCharacters Yellow M 2m Decal
StaticObjectPrefab	Airport Details Pack Countinue AssemblyCharacters Yellow M 4m Decal
StaticObjectPrefab	Airport Details Pack Countinue AssemblyCharacters Black N 2m Decal
StaticObjectPrefab	Airport Details Pack Countinue AssemblyCharacters Black N 4m Decal
StaticObjectPrefab	Airport Details Pack Countinue AssemblyCharacters Yellow N 2m Decal
StaticObjectPrefab	Airport Details Pack Countinue AssemblyCharacters Yellow N 4m Decal
StaticObjectPrefab	Airport Details Pack Countinue AssemblyCharacters Black O 2m Decal
StaticObjectPrefab	Airport Details Pack Countinue AssemblyCharacters Black O 4m Decal
StaticObjectPrefab	Airport Details Pack Countinue AssemblyCharacters Yellow O 2m Decal
StaticObjectPrefab	Airport Details Pack Countinue AssemblyCharacters Yellow O 4m Decal
StaticObjectPrefab	Airport Details Pack Countinue AssemblyCharacters Black P 2m Decal
StaticObjectPrefab	Airport Details Pack Countinue AssemblyCharacters Black P 4m Decal
StaticObjectPrefab	Airport Details Pack Countinue AssemblyCharacters Yellow P 2m Decal
StaticObjectPrefab	Airport Details Pack Countinue AssemblyCharacters Yellow P 4m Decal
StaticObjectPrefab	Airport Details Pack Countinue AssemblyCharacters Black Q 2m Decal
StaticObjectPrefab	Airport Details Pack Countinue AssemblyCharacters Black Q 4m Decal
StaticObjectPrefab	Airport Details Pack Countinue AssemblyCharacters Yellow Q 2m Decal
StaticObjectPrefab	Airport Details Pack Countinue AssemblyCharacters Yellow Q 4m Decal
StaticObjectPrefab	Airport Details Pack Countinue AssemblyCharacters Black R 2m Decal
StaticObjectPrefab	Airport Details Pack Countinue AssemblyCharacters Black R 4m Decal
StaticObjectPrefab	Airport Details Pack Countinue AssemblyCharacters Yellow R 2m Decal
StaticObjectPrefab	Airport Details Pack Countinue AssemblyCharacters Yellow R 4m Decal
StaticObjectPrefab	Airport Details Pack Countinue AssemblyCharacters Black S 2m Decal
StaticObjectPrefab	Airport Details Pack Countinue AssemblyCharacters Black S 4m Decal
StaticObjectPrefab	Airport Details Pack Countinue AssemblyCharacters Yellow S 2m Decal
StaticObjectPrefab	Airport Details Pack Countinue AssemblyCharacters Yellow S 4m Decal
StaticObjectPrefab	Airport Details Pack Countinue AssemblyCharacters Black T 2m Decal
StaticObjectPrefab	Airport Details Pack Countinue AssemblyCharacters Black T 4m Decal
StaticObjectPrefab	Airport Details Pack Countinue AssemblyCharacters Yellow T 2m Decal
StaticObjectPrefab	Airport Details Pack Countinue AssemblyCharacters Yellow T 4m Decal
StaticObjectPrefab	Airport Details Pack Countinue AssemblyCharacters Black U 2m Decal
StaticObjectPrefab	Airport Details Pack Countinue AssemblyCharacters Black U 4m Decal
StaticObjectPrefab	Airport Details Pack Countinue AssemblyCharacters Yellow U 2m Decal
StaticObjectPrefab	Airport Details Pack Countinue AssemblyCharacters Yellow U 4m Decal
StaticObjectPrefab	Airport Details Pack Countinue AssemblyCharacters Black V 2m Decal
StaticObjectPrefab	Airport Details Pack Countinue AssemblyCharacters Black V 4m Decal
StaticObjectPrefab	Airport Details Pack Countinue AssemblyCharacters Yellow V 2m Decal
StaticObjectPrefab	Airport Details Pack Countinue AssemblyCharacters Yellow V 4m Decal
StaticObjectPrefab	Airport Details Pack Countinue AssemblyCharacters Black W 2m Decal
StaticObjectPrefab	Airport Details Pack Countinue AssemblyCharacters Black W 4m Decal
StaticObjectPrefab	Airport Details Pack Countinue AssemblyCharacters Yellow W 2m Decal
StaticObjectPrefab	Airport Details Pack Countinue AssemblyCharacters Yellow W 4m Decal
StaticObjectPrefab	Airport Details Pack Countinue AssemblyCharacters Black X 2m Decal
StaticObjectPrefab	Airport Details Pack Countinue AssemblyCharacters Black X 4m Decal
StaticObjectPrefab	Airport Details Pack Countinue AssemblyCharacters Yellow X 2m Decal
StaticObjectPrefab	Airport Details Pack Countinue AssemblyCharacters Yellow X 4m Decal
StaticObjectPrefab	Airport Details Pack Countinue AssemblyCharacters Black Y 2m Decal
StaticObjectPrefab	Airport Details Pack Countinue AssemblyCharacters Black Y 4m Decal
StaticObjectPrefab	Airport Details Pack Countinue AssemblyCharacters Yellow Y 2m Decal
StaticObjectPrefab	Airport Details Pack Countinue AssemblyCharacters Yellow Y 4m Decal
StaticObjectPrefab	Airport Details Pack Countinue AssemblyCharacters Black Z 2m Decal
StaticObjectPrefab	Airport Details Pack Countinue AssemblyCharacters Black Z 4m Decal
StaticObjectPrefab	Airport Details Pack Countinue AssemblyCharacters Yellow Z 2m Decal
StaticObjectPrefab	Airport Details Pack Countinue AssemblyCharacters Yellow Z 4m Decal
StaticObjectPrefab	Airport Details Pack Countinue AssemblyCharacters Black 0 2m Decal
StaticObjectPrefab	Airport Details Pack Countinue AssemblyCharacters Black 0 4m Decal
StaticObjectPrefab	Airport Details Pack Countinue AssemblyCharacters Yellow 0 2m Decal
StaticObjectPrefab	Airport Details Pack Countinue AssemblyCharacters Yellow 0 4m Decal
StaticObjectPrefab	Airport Details Pack Countinue AssemblyCharacters Black 1 2m Decal
StaticObjectPrefab	Airport Details Pack Countinue AssemblyCharacters Black 1 4m Decal
StaticObjectPrefab	Airport Details Pack Countinue AssemblyCharacters Yellow 1 2m Decal
StaticObjectPrefab	Airport Details Pack Countinue AssemblyCharacters Yellow 1 4m Decal
StaticObjectPrefab	Airport Details Pack Countinue AssemblyCharacters Black 2 2m Decal
StaticObjectPrefab	Airport Details Pack Countinue AssemblyCharacters Black 2 4m Decal
StaticObjectPrefab	Airport Details Pack Countinue AssemblyCharacters Yellow 2 2m Decal
StaticObjectPrefab	Airport Details Pack Countinue AssemblyCharacters Yellow 2 4m Decal
StaticObjectPrefab	Airport Details Pack Countinue AssemblyCharacters Black 3 2m Decal
StaticObjectPrefab	Airport Details Pack Countinue AssemblyCharacters Black 3 4m Decal
StaticObjectPrefab	Airport Details Pack Countinue AssemblyCharacters Yellow 3 2m Decal
StaticObjectPrefab	Airport Details Pack Countinue AssemblyCharacters Yellow 3 4m Decal
StaticObjectPrefab	Airport Details Pack Countinue AssemblyCharacters Black 4 2m Decal
StaticObjectPrefab	Airport Details Pack Countinue AssemblyCharacters Black 4 4m Decal
StaticObjectPrefab	Airport Details Pack Countinue AssemblyCharacters Yellow 4 2m Decal
StaticObjectPrefab	Airport Details Pack Countinue AssemblyCharacters Yellow 4 4m Decal
StaticObjectPrefab	Airport Details Pack Countinue AssemblyCharacters Black 5 2m Decal
StaticObjectPrefab	Airport Details Pack Countinue AssemblyCharacters Black 5 4m Decal
StaticObjectPrefab	Airport Details Pack Countinue AssemblyCharacters Yellow 5 2m Decal
StaticObjectPrefab	Airport Details Pack Countinue AssemblyCharacters Yellow 5 4m Decal
StaticObjectPrefab	Airport Details Pack Countinue AssemblyCharacters Black 6 2m Decal
StaticObjectPrefab	Airport Details Pack Countinue AssemblyCharacters Black 6 4m Decal
StaticObjectPrefab	Airport Details Pack Countinue AssemblyCharacters Yellow 6 2m Decal
StaticObjectPrefab	Airport Details Pack Countinue AssemblyCharacters Yellow 6 4m Decal
StaticObjectPrefab	Airport Details Pack Countinue AssemblyCharacters Black 7 2m Decal
StaticObjectPrefab	Airport Details Pack Countinue AssemblyCharacters Black 7 4m Decal
StaticObjectPrefab	Airport Details Pack Countinue AssemblyCharacters Yellow 7 2m Decal
StaticObjectPrefab	Airport Details Pack Countinue AssemblyCharacters Yellow 7 4m Decal
StaticObjectPrefab	Airport Details Pack Countinue AssemblyCharacters Black 8 2m Decal
StaticObjectPrefab	Airport Details Pack Countinue AssemblyCharacters Black 8 4m Decal
StaticObjectPrefab	Airport Details Pack Countinue AssemblyCharacters Yellow 8 2m Decal
StaticObjectPrefab	Airport Details Pack Countinue AssemblyCharacters Yellow 8 4m Decal
StaticObjectPrefab	Airport Details Pack Countinue AssemblyCharacters Black 9 2m Decal
StaticObjectPrefab	Airport Details Pack Countinue AssemblyCharacters Black 9 4m Decal
StaticObjectPrefab	Airport Details Pack Countinue AssemblyCharacters Yellow 9 2m Decal
StaticObjectPrefab	Airport Details Pack Countinue AssemblyCharacters Yellow 9 4m Decal
StaticObjectPrefab	Airport Details Pack Countinue AssemblyCharacters Black Dash 2m Decal
StaticObjectPrefab	Airport Details Pack Countinue AssemblyCharacters Black Dash 4m Decal
StaticObjectPrefab	Airport Details Pack Countinue AssemblyCharacters Yellow Dash 2m Decal
StaticObjectPrefab	Airport Details Pack Countinue AssemblyCharacters Yellow Dash 4m Decal
StaticObjectPrefab	Airport Details Pack Countinue Alphabet Taxiway A Decal
StaticObjectPrefab	Airport Details Pack Countinue Alphabet Outbound A Decal
StaticObjectPrefab	Airport Details Pack Countinue Alphabet Taxiway B Decal
StaticObjectPrefab	Airport Details Pack Countinue Alphabet Outbound B Decal
StaticObjectPrefab	Airport Details Pack Countinue Alphabet Taxiway C Decal
StaticObjectPrefab	Airport Details Pack Countinue Alphabet Outbound C Decal
StaticObjectPrefab	Airport Details Pack Countinue Alphabet Taxiway D Decal
StaticObjectPrefab	Airport Details Pack Countinue Alphabet Outbound D Decal
StaticObjectPrefab	Airport Details Pack Countinue Alphabet Taxiway E Decal
StaticObjectPrefab	Airport Details Pack Countinue Alphabet Outbound E Decal
StaticObjectPrefab	Airport Details Pack Countinue Alphabet Taxiway F Decal
StaticObjectPrefab	Airport Details Pack Countinue Alphabet Outbound F Decal
StaticObjectPrefab	Airport Details Pack Countinue Alphabet Taxiway G Decal
StaticObjectPrefab	Airport Details Pack Countinue Alphabet Outbound G Decal
StaticObjectPrefab	Airport Details Pack Countinue Alphabet Taxiway H Decal
StaticObjectPrefab	Airport Details Pack Countinue Alphabet Outbound H Decal
StaticObjectPrefab	Airport Details Pack Countinue Alphabet Taxiway I Decal
StaticObjectPrefab	Airport Details Pack Countinue Alphabet Outbound I Decal
StaticObjectPrefab	Airport Details Pack Countinue Alphabet Taxiway J Decal
StaticObjectPrefab	Airport Details Pack Countinue Alphabet Outbound J Decal
StaticObjectPrefab	Airport Details Pack Countinue Alphabet Taxiway K Decal
StaticObjectPrefab	Airport Details Pack Countinue Alphabet Outbound K Decal
StaticObjectPrefab	Airport Details Pack Countinue Alphabet Taxiway L Decal
StaticObjectPrefab	Airport Details Pack Countinue Alphabet Outbound L Decal
StaticObjectPrefab	Airport Details Pack Countinue Alphabet Taxiway M Decal
StaticObjectPrefab	Airport Details Pack Countinue Alphabet Outbound M Decal
StaticObjectPrefab	Airport Details Pack Countinue Alphabet Taxiway N Decal
StaticObjectPrefab	Airport Details Pack Countinue Alphabet Outbound N Decal
StaticObjectPrefab	Airport Details Pack Countinue Alphabet Taxiway O Decal
StaticObjectPrefab	Airport Details Pack Countinue Alphabet Outbound O Decal
StaticObjectPrefab	Airport Details Pack Countinue Alphabet Taxiway P Decal
StaticObjectPrefab	Airport Details Pack Countinue Alphabet Outbound P Decal
StaticObjectPrefab	Airport Details Pack Countinue Alphabet Taxiway Q Decal
StaticObjectPrefab	Airport Details Pack Countinue Alphabet Outbound Q Decal
StaticObjectPrefab	Airport Details Pack Countinue Alphabet Taxiway R Decal
StaticObjectPrefab	Airport Details Pack Countinue Alphabet Outbound R Decal
StaticObjectPrefab	Airport Details Pack Countinue Alphabet Taxiway S Decal
StaticObjectPrefab	Airport Details Pack Countinue Alphabet Outbound S Decal
StaticObjectPrefab	Airport Details Pack Countinue Alphabet Taxiway T Decal
StaticObjectPrefab	Airport Details Pack Countinue Alphabet Outbound T Decal
StaticObjectPrefab	Airport Details Pack Countinue Alphabet Taxiway U Decal
StaticObjectPrefab	Airport Details Pack Countinue Alphabet Outbound U Decal
StaticObjectPrefab	Airport Details Pack Countinue Alphabet Taxiway V Decal
StaticObjectPrefab	Airport Details Pack Countinue Alphabet Outbound V Decal
StaticObjectPrefab	Airport Details Pack Countinue Alphabet Taxiway W Decal
StaticObjectPrefab	Airport Details Pack Countinue Alphabet Outbound W Decal
StaticObjectPrefab	Airport Details Pack Countinue Alphabet Taxiway X Decal
StaticObjectPrefab	Airport Details Pack Countinue Alphabet Outbound X Decal
StaticObjectPrefab	Airport Details Pack Countinue Alphabet Taxiway Y Decal
StaticObjectPrefab	Airport Details Pack Countinue Alphabet Outbound Y Decal
StaticObjectPrefab	Airport Details Pack Countinue Alphabet Taxiway Z Decal
StaticObjectPrefab	Airport Details Pack Countinue Alphabet Outbound Z Decal
StaticObjectPrefab	Airport Details Pack Countinue Alphabet Taxiway 0 Decal
StaticObjectPrefab	Airport Details Pack Countinue Alphabet Outbound 0 Decal
StaticObjectPrefab	Airport Details Pack Countinue Alphabet Taxiway 1 Decal
StaticObjectPrefab	Airport Details Pack Countinue Alphabet Outbound 1 Decal
StaticObjectPrefab	Airport Details Pack Countinue Alphabet Taxiway 2 Decal
StaticObjectPrefab	Airport Details Pack Countinue Alphabet Outbound 2 Decal
StaticObjectPrefab	Airport Details Pack Countinue Alphabet Taxiway 3 Decal
StaticObjectPrefab	Airport Details Pack Countinue Alphabet Outbound 3 Decal
StaticObjectPrefab	Airport Details Pack Countinue Alphabet Taxiway 4 Decal
StaticObjectPrefab	Airport Details Pack Countinue Alphabet Outbound 4 Decal
StaticObjectPrefab	Airport Details Pack Countinue Alphabet Taxiway 5 Decal
StaticObjectPrefab	Airport Details Pack Countinue Alphabet Outbound 5 Decal
StaticObjectPrefab	Airport Details Pack Countinue Alphabet Taxiway 6 Decal
StaticObjectPrefab	Airport Details Pack Countinue Alphabet Outbound 6 Decal
StaticObjectPrefab	Airport Details Pack Countinue Alphabet Taxiway 7 Decal
StaticObjectPrefab	Airport Details Pack Countinue Alphabet Outbound 7 Decal
StaticObjectPrefab	Airport Details Pack Countinue Alphabet Taxiway 8 Decal
StaticObjectPrefab	Airport Details Pack Countinue Alphabet Outbound 8 Decal
StaticObjectPrefab	Airport Details Pack Countinue Alphabet Taxiway 9 Decal
StaticObjectPrefab	Airport Details Pack Countinue Alphabet Outbound 9 Decal
StaticObjectPrefab	Airport Details Pack Countinue Alphabet Taxiway Dash Decal
StaticObjectPrefab	Airport Details Pack Countinue Alphabet Outbound Dash Decal
StaticObjectPrefab	Airport Details Pack Countinue RoadMarkings Runway 0 Small Decal
StaticObjectPrefab	Airport Details Pack Countinue RoadMarkings Runway 0 Medium Decal
StaticObjectPrefab	Airport Details Pack Countinue RoadMarkings Runway 0 Large Decal
StaticObjectPrefab	Airport Details Pack Countinue RoadMarkings Runway 1 Small Decal
StaticObjectPrefab	Airport Details Pack Countinue RoadMarkings Runway 1 Medium Decal
StaticObjectPrefab	Airport Details Pack Countinue RoadMarkings Runway 1 Large Decal
StaticObjectPrefab	Airport Details Pack Countinue RoadMarkings Runway 2 Small Decal
StaticObjectPrefab	Airport Details Pack Countinue RoadMarkings Runway 2 Medium Decal
StaticObjectPrefab	Airport Details Pack Countinue RoadMarkings Runway 2 Large Decal
StaticObjectPrefab	Airport Details Pack Countinue RoadMarkings Runway 3 Small Decal
StaticObjectPrefab	Airport Details Pack Countinue RoadMarkings Runway 3 Medium Decal
StaticObjectPrefab	Airport Details Pack Countinue RoadMarkings Runway 3 Large Decal
StaticObjectPrefab	Airport Details Pack Countinue RoadMarkings Runway 4 Small Decal
StaticObjectPrefab	Airport Details Pack Countinue RoadMarkings Runway 4 Medium Decal
StaticObjectPrefab	Airport Details Pack Countinue RoadMarkings Runway 4 Large Decal
StaticObjectPrefab	Airport Details Pack Countinue RoadMarkings Runway 5 Small Decal
StaticObjectPrefab	Airport Details Pack Countinue RoadMarkings Runway 5 Medium Decal
StaticObjectPrefab	Airport Details Pack Countinue RoadMarkings Runway 5 Large Decal
StaticObjectPrefab	Airport Details Pack Countinue RoadMarkings Runway 6 Small Decal
StaticObjectPrefab	Airport Details Pack Countinue RoadMarkings Runway 6 Medium Decal
StaticObjectPrefab	Airport Details Pack Countinue RoadMarkings Runway 6 Large Decal
StaticObjectPrefab	Airport Details Pack Countinue RoadMarkings Runway 7 Small Decal
StaticObjectPrefab	Airport Details Pack Countinue RoadMarkings Runway 7 Medium Decal
StaticObjectPrefab	Airport Details Pack Countinue RoadMarkings Runway 7 Large Decal
StaticObjectPrefab	Airport Details Pack Countinue RoadMarkings Runway 8 Small Decal
StaticObjectPrefab	Airport Details Pack Countinue RoadMarkings Runway 8 Medium Decal
StaticObjectPrefab	Airport Details Pack Countinue RoadMarkings Runway 8 Large Decal
StaticObjectPrefab	Airport Details Pack Countinue RoadMarkings Runway 9 Small Decal
StaticObjectPrefab	Airport Details Pack Countinue RoadMarkings Runway 9 Medium Decal
StaticObjectPrefab	Airport Details Pack Countinue RoadMarkings Runway 9 Large Decal
StaticObjectPrefab	Airport Details Pack Countinue RoadMarkings Runway L Small Decal
StaticObjectPrefab	Airport Details Pack Countinue RoadMarkings Runway L Medium Decal
StaticObjectPrefab	Airport Details Pack Countinue RoadMarkings Runway L Large Decal
StaticObjectPrefab	Airport Details Pack Countinue RoadMarkings Runway C Small Decal
StaticObjectPrefab	Airport Details Pack Countinue RoadMarkings Runway C Medium Decal
StaticObjectPrefab	Airport Details Pack Countinue RoadMarkings Runway C Large Decal
StaticObjectPrefab	Airport Details Pack Countinue RoadMarkings Runway R Small Decal
StaticObjectPrefab	Airport Details Pack Countinue RoadMarkings Runway R Medium Decal
StaticObjectPrefab	Airport Details Pack Countinue RoadMarkings Runway R Large Decal
StaticObjectPrefab	Airport Details Pack Countinue RunwayMarkings Threshold Stripe 180cm x30m Decal
StaticObjectPrefab	Airport Details Pack Countinue RunwayMarkings Threshold Half 2 Stripes Decal
StaticObjectPrefab	Airport Details Pack Countinue RunwayMarkings Threshold Half 3 Stripes Decal
StaticObjectPrefab	Airport Details Pack Countinue RunwayMarkings Threshold Half 4 Stripes Decal
StaticObjectPrefab	Airport Details Pack Countinue RunwayMarkings Threshold Half 6 Stripes Decal
StaticObjectPrefab	Airport Details Pack Countinue RunwayMarkings Threshold Half 8 Stripes Decal
NetLaneGeometryPrefab	Airport Details Pack Countinue RunwayMarkings Runway Centerline 30cm NetLane
NetLaneGeometryPrefab	Airport Details Pack Countinue RunwayMarkings Runway Centerline 45cm NetLane
NetLaneGeometryPrefab	Airport Details Pack Countinue RunwayMarkings Runway Centerline 90cm NetLane
StaticObjectPrefab	Airport Details Pack Countinue RunwayMarkings Aiming Point LDA under 800m Decal
StaticObjectPrefab	Airport Details Pack Countinue RunwayMarkings Aiming Point LDA 800-1200m Decal
StaticObjectPrefab	Airport Details Pack Countinue RunwayMarkings Aiming Point LDA 1200-2400m Decal
StaticObjectPrefab	Airport Details Pack Countinue RunwayMarkings Aiming Point LDA 2400m plus Decal
StaticObjectPrefab	Airport Details Pack Countinue RunwayMarkings Aiming Point Large preset Decal
StaticObjectPrefab	Airport Details Pack Countinue RunwayMarkings Touchdown Zone Basic 3x2250cm Decal
StaticObjectPrefab	Airport Details Pack Countinue RunwayMarkings Touchdown Zone Coded 1 Stripes Decal
StaticObjectPrefab	Airport Details Pack Countinue RunwayMarkings Touchdown Zone Coded 2 Stripes Decal
StaticObjectPrefab	Airport Details Pack Countinue RunwayMarkings Touchdown Zone Coded 3 Stripes Decal
NetLaneGeometryPrefab	Airport Details Pack Countinue RunwayMarkings Runway Edge 45cm NetLane
NetLaneGeometryPrefab	Airport Details Pack Countinue RunwayMarkings Runway Edge 90cm NetLane
StaticObjectPrefab	Airport Details Pack Countinue RunwayMarkings Displaced Threshold Bar 180cm Module Decal
StaticObjectPrefab	Airport Details Pack Countinue RunwayMarkings Displaced Threshold Arrow 30m Decal
StaticObjectPrefab	Airport Details Pack Countinue RunwayMarkings Prethreshold Chevron 30m Decal
StaticObjectPrefab	Airport Details Pack Countinue RunwayMarkings Closed Runway X Decal
StaticObjectPrefab	Airport Details Pack Countinue RunwayMarkings Closed Taxiway X Decal
NetLaneGeometryPrefab	Airport Details Pack Countinue RoadMarking TaxiWay Dark Surface NetLane
NetLaneGeometryPrefab	Airport Details Pack Countinue RoadMarking TaxiWay Light Surface NetLane
NetLaneGeometryPrefab	Airport Details Pack Countinue RoadMarking TaxiWay Centerline Enhanced Dark Surface NetLane
NetLaneGeometryPrefab	Airport Details Pack Countinue RoadMarking TaxiWay Centerline Enhanced Light Surface NetLane
NetLaneGeometryPrefab	Airport Details Pack Countinue RoadMarking TaxiWay Runway Holding Dark Surface NetLane
NetLaneGeometryPrefab	Airport Details Pack Countinue RoadMarking TaxiWay Stopline Enhanced NetLane
NetLaneGeometryPrefab	Airport Details Pack Countinue RoadMarking ILS Critical Area Boundary Dark Surface NetLane
NetLaneGeometryPrefab	Airport Details Pack Countinue RoadMarking ILS Critical Area Boundary NetLane
NetLaneGeometryPrefab	Airport Details Pack Countinue RoadMarking TaxiWay Intermediate Holding Dark Surface NetLane
NetLaneGeometryPrefab	Airport Details Pack Countinue RoadMarking TaxiWay Stopline NetLane
NetLaneGeometryPrefab	Airport Details Pack Countinue RoadMarking Taxi Side Stripe Dark Surface NetLane
NetLaneGeometryPrefab	Airport Details Pack Countinue RoadMarking Taxi Side Stripe Light Surface NetLane
StaticObjectPrefab	Airport Details Pack Countinue Mandatory Mandatory A 2m Decal
StaticObjectPrefab	Airport Details Pack Countinue Mandatory Mandatory A 4m Decal
StaticObjectPrefab	Airport Details Pack Countinue Mandatory Mandatory B 2m Decal
StaticObjectPrefab	Airport Details Pack Countinue Mandatory Mandatory B 4m Decal
StaticObjectPrefab	Airport Details Pack Countinue Mandatory Mandatory C 2m Decal
StaticObjectPrefab	Airport Details Pack Countinue Mandatory Mandatory C 4m Decal
StaticObjectPrefab	Airport Details Pack Countinue Mandatory Mandatory D 2m Decal
StaticObjectPrefab	Airport Details Pack Countinue Mandatory Mandatory D 4m Decal
StaticObjectPrefab	Airport Details Pack Countinue Mandatory Mandatory E 2m Decal
StaticObjectPrefab	Airport Details Pack Countinue Mandatory Mandatory E 4m Decal
StaticObjectPrefab	Airport Details Pack Countinue Mandatory Mandatory F 2m Decal
StaticObjectPrefab	Airport Details Pack Countinue Mandatory Mandatory F 4m Decal
StaticObjectPrefab	Airport Details Pack Countinue Mandatory Mandatory G 2m Decal
StaticObjectPrefab	Airport Details Pack Countinue Mandatory Mandatory G 4m Decal
StaticObjectPrefab	Airport Details Pack Countinue Mandatory Mandatory H 2m Decal
StaticObjectPrefab	Airport Details Pack Countinue Mandatory Mandatory H 4m Decal
StaticObjectPrefab	Airport Details Pack Countinue Mandatory Mandatory I 2m Decal
StaticObjectPrefab	Airport Details Pack Countinue Mandatory Mandatory I 4m Decal
StaticObjectPrefab	Airport Details Pack Countinue Mandatory Mandatory J 2m Decal
StaticObjectPrefab	Airport Details Pack Countinue Mandatory Mandatory J 4m Decal
StaticObjectPrefab	Airport Details Pack Countinue Mandatory Mandatory K 2m Decal
StaticObjectPrefab	Airport Details Pack Countinue Mandatory Mandatory K 4m Decal
StaticObjectPrefab	Airport Details Pack Countinue Mandatory Mandatory L 2m Decal
StaticObjectPrefab	Airport Details Pack Countinue Mandatory Mandatory L 4m Decal
StaticObjectPrefab	Airport Details Pack Countinue Mandatory Mandatory M 2m Decal
StaticObjectPrefab	Airport Details Pack Countinue Mandatory Mandatory M 4m Decal
StaticObjectPrefab	Airport Details Pack Countinue Mandatory Mandatory N 2m Decal
StaticObjectPrefab	Airport Details Pack Countinue Mandatory Mandatory N 4m Decal
StaticObjectPrefab	Airport Details Pack Countinue Mandatory Mandatory O 2m Decal
StaticObjectPrefab	Airport Details Pack Countinue Mandatory Mandatory O 4m Decal
StaticObjectPrefab	Airport Details Pack Countinue Mandatory Mandatory P 2m Decal
StaticObjectPrefab	Airport Details Pack Countinue Mandatory Mandatory P 4m Decal
StaticObjectPrefab	Airport Details Pack Countinue Mandatory Mandatory Q 2m Decal
StaticObjectPrefab	Airport Details Pack Countinue Mandatory Mandatory Q 4m Decal
StaticObjectPrefab	Airport Details Pack Countinue Mandatory Mandatory R 2m Decal
StaticObjectPrefab	Airport Details Pack Countinue Mandatory Mandatory R 4m Decal
StaticObjectPrefab	Airport Details Pack Countinue Mandatory Mandatory S 2m Decal
StaticObjectPrefab	Airport Details Pack Countinue Mandatory Mandatory S 4m Decal
StaticObjectPrefab	Airport Details Pack Countinue Mandatory Mandatory T 2m Decal
StaticObjectPrefab	Airport Details Pack Countinue Mandatory Mandatory T 4m Decal
StaticObjectPrefab	Airport Details Pack Countinue Mandatory Mandatory U 2m Decal
StaticObjectPrefab	Airport Details Pack Countinue Mandatory Mandatory U 4m Decal
StaticObjectPrefab	Airport Details Pack Countinue Mandatory Mandatory V 2m Decal
StaticObjectPrefab	Airport Details Pack Countinue Mandatory Mandatory V 4m Decal
StaticObjectPrefab	Airport Details Pack Countinue Mandatory Mandatory W 2m Decal
StaticObjectPrefab	Airport Details Pack Countinue Mandatory Mandatory W 4m Decal
StaticObjectPrefab	Airport Details Pack Countinue Mandatory Mandatory X 2m Decal
StaticObjectPrefab	Airport Details Pack Countinue Mandatory Mandatory X 4m Decal
StaticObjectPrefab	Airport Details Pack Countinue Mandatory Mandatory Y 2m Decal
StaticObjectPrefab	Airport Details Pack Countinue Mandatory Mandatory Y 4m Decal
StaticObjectPrefab	Airport Details Pack Countinue Mandatory Mandatory Z 2m Decal
StaticObjectPrefab	Airport Details Pack Countinue Mandatory Mandatory Z 4m Decal
StaticObjectPrefab	Airport Details Pack Countinue Mandatory Mandatory 0 2m Decal
StaticObjectPrefab	Airport Details Pack Countinue Mandatory Mandatory 0 4m Decal
StaticObjectPrefab	Airport Details Pack Countinue Mandatory Mandatory 1 2m Decal
StaticObjectPrefab	Airport Details Pack Countinue Mandatory Mandatory 1 4m Decal
StaticObjectPrefab	Airport Details Pack Countinue Mandatory Mandatory 2 2m Decal
StaticObjectPrefab	Airport Details Pack Countinue Mandatory Mandatory 2 4m Decal
StaticObjectPrefab	Airport Details Pack Countinue Mandatory Mandatory 3 2m Decal
StaticObjectPrefab	Airport Details Pack Countinue Mandatory Mandatory 3 4m Decal
StaticObjectPrefab	Airport Details Pack Countinue Mandatory Mandatory 4 2m Decal
StaticObjectPrefab	Airport Details Pack Countinue Mandatory Mandatory 4 4m Decal
StaticObjectPrefab	Airport Details Pack Countinue Mandatory Mandatory 5 2m Decal
StaticObjectPrefab	Airport Details Pack Countinue Mandatory Mandatory 5 4m Decal
StaticObjectPrefab	Airport Details Pack Countinue Mandatory Mandatory 6 2m Decal
StaticObjectPrefab	Airport Details Pack Countinue Mandatory Mandatory 6 4m Decal
StaticObjectPrefab	Airport Details Pack Countinue Mandatory Mandatory 7 2m Decal
StaticObjectPrefab	Airport Details Pack Countinue Mandatory Mandatory 7 4m Decal
StaticObjectPrefab	Airport Details Pack Countinue Mandatory Mandatory 8 2m Decal
StaticObjectPrefab	Airport Details Pack Countinue Mandatory Mandatory 8 4m Decal
StaticObjectPrefab	Airport Details Pack Countinue Mandatory Mandatory 9 2m Decal
StaticObjectPrefab	Airport Details Pack Countinue Mandatory Mandatory 9 4m Decal
StaticObjectPrefab	Airport Details Pack Countinue Mandatory Mandatory Dash 2m Decal
StaticObjectPrefab	Airport Details Pack Countinue Mandatory Mandatory Dash 4m Decal
StaticObjectPrefab	Airport Details Pack Countinue RoadMarkings Arrow Straight Decal
NetLaneGeometryPrefab	Airport Details Pack Countinue Apron Stand Lead In 15cm NetLane
NetLaneGeometryPrefab	Airport Details Pack Countinue Apron Apron Safety Red 10cm NetLane
StaticObjectPrefab	Airport Details Pack Countinue RoadMarkings TaxiWay SignBlnk Black Decal
StaticObjectPrefab	Airport Details Pack Countinue RoadMarkings TaxiWay SignBlank Yellow Decal
StaticObjectPrefab	Airport Details Pack Countinue RoadMarkings TaxiWay SignBlank Red Decal
SurfacePrefab	Airport Details Pack Countinue Pavement Airport Asphalt Surface
SurfacePrefab	Airport Details Pack Countinue Pavement Airport Concrete Surface
SurfacePrefab	Airport Details Pack Countinue Pavement Paint White Surface
SurfacePrefab	Airport Details Pack Countinue Pavement Paint Yellow Surface
SurfacePrefab	Airport Details Pack Countinue Pavement Paint Red Surface
SurfacePrefab	Airport Details Pack Countinue Pavement Paint Black Surface
NetLaneGeometryPrefab	Airport Details Pack Countinue MarkingBackgrounds Location Background Strip 2m NetLane
StaticObjectPrefab	Airport Details Pack Countinue MarkingBackgrounds Location Background Cap Left 2m Decal
StaticObjectPrefab	Airport Details Pack Countinue MarkingBackgrounds Location Background Cap Right 2m Decal
StaticObjectPrefab	Airport Details Pack Countinue MarkingBackgrounds Location Background Wide 2m Decal
NetLaneGeometryPrefab	Airport Details Pack Countinue MarkingBackgrounds Location Background Strip 4m NetLane
StaticObjectPrefab	Airport Details Pack Countinue MarkingBackgrounds Location Background Cap Left 4m Decal
StaticObjectPrefab	Airport Details Pack Countinue MarkingBackgrounds Location Background Cap Right 4m Decal
StaticObjectPrefab	Airport Details Pack Countinue MarkingBackgrounds Location Background Wide 4m Decal
NetLaneGeometryPrefab	Airport Details Pack Countinue MarkingBackgrounds Direction Background Strip 2m NetLane
StaticObjectPrefab	Airport Details Pack Countinue MarkingBackgrounds Direction Background Cap Left 2m Decal
StaticObjectPrefab	Airport Details Pack Countinue MarkingBackgrounds Direction Background Cap Right 2m Decal
StaticObjectPrefab	Airport Details Pack Countinue MarkingBackgrounds Direction Background Wide 2m Decal
NetLaneGeometryPrefab	Airport Details Pack Countinue MarkingBackgrounds Direction Background Strip 4m NetLane
StaticObjectPrefab	Airport Details Pack Countinue MarkingBackgrounds Direction Background Cap Left 4m Decal
StaticObjectPrefab	Airport Details Pack Countinue MarkingBackgrounds Direction Background Cap Right 4m Decal
StaticObjectPrefab	Airport Details Pack Countinue MarkingBackgrounds Direction Background Wide 4m Decal
NetLaneGeometryPrefab	Airport Details Pack Countinue MarkingBackgrounds Mandatory Background Strip 2m NetLane
StaticObjectPrefab	Airport Details Pack Countinue MarkingBackgrounds Mandatory Background Cap Left 2m Decal
StaticObjectPrefab	Airport Details Pack Countinue MarkingBackgrounds Mandatory Background Cap Right 2m Decal
StaticObjectPrefab	Airport Details Pack Countinue MarkingBackgrounds Mandatory Background Wide 2m Decal
NetLaneGeometryPrefab	Airport Details Pack Countinue MarkingBackgrounds Mandatory Background Strip 4m NetLane
StaticObjectPrefab	Airport Details Pack Countinue MarkingBackgrounds Mandatory Background Cap Left 4m Decal
StaticObjectPrefab	Airport Details Pack Countinue MarkingBackgrounds Mandatory Background Cap Right 4m Decal
StaticObjectPrefab	Airport Details Pack Countinue MarkingBackgrounds Mandatory Background Wide 4m Decal
NetLaneGeometryPrefab	Airport Details Pack Countinue MarkingBackgrounds White Red Background Strip 2m NetLane
StaticObjectPrefab	Airport Details Pack Countinue MarkingBackgrounds White Red Background Cap Left 2m Decal
StaticObjectPrefab	Airport Details Pack Countinue MarkingBackgrounds White Red Background Cap Right 2m Decal
StaticObjectPrefab	Airport Details Pack Countinue MarkingBackgrounds White Red Background Wide 2m Decal
NetLaneGeometryPrefab	Airport Details Pack Countinue MarkingBackgrounds White Red Background Strip 4m NetLane
StaticObjectPrefab	Airport Details Pack Countinue MarkingBackgrounds White Red Background Cap Left 4m Decal
StaticObjectPrefab	Airport Details Pack Countinue MarkingBackgrounds White Red Background Cap Right 4m Decal
StaticObjectPrefab	Airport Details Pack Countinue MarkingBackgrounds White Red Background Wide 4m Decal
NetLaneGeometryPrefab	Airport Details Pack Countinue RoadMarking White Line Thin NetLane
NetLaneGeometryPrefab	Airport Details Pack Countinue RoadMarking White Line Middle NetLane
NetLaneGeometryPrefab	Airport Details Pack Countinue RoadMarking White Line Thick NetLane
NetLaneGeometryPrefab	Airport Details Pack Countinue RoadMarking Yellow Line Thin NetLane
NetLaneGeometryPrefab	Airport Details Pack Countinue RoadMarking Yellow Line Middle NetLane
NetLaneGeometryPrefab	Airport Details Pack Countinue RoadMarking Yellow Line Thick NetLane
NetLaneGeometryPrefab	Airport Details Pack Countinue RoadMarking Red Line Thin NetLane
NetLaneGeometryPrefab	Airport Details Pack Countinue RoadMarking Red Line Middle NetLane
NetLaneGeometryPrefab	Airport Details Pack Countinue RoadMarking Red Line Thick NetLane
NetLaneGeometryPrefab	Airport Details Pack Countinue RoadMarking Black Line Thin NetLane
NetLaneGeometryPrefab	Airport Details Pack Countinue RoadMarking Black Line Middle NetLane
NetLaneGeometryPrefab	Airport Details Pack Countinue RoadMarking Black Line Thick NetLane
StaticObjectPrefab	Airport Details Pack Countinue Calibration Calibration Grid 10m Decal
StaticObjectPrefab	Airport Details Pack Countinue Calibration Calibration Ruler 20m Decal
SurfacePrefab	Airport Details Pack Countinue Pavement Surface Diagnostic A Yellow Surface
SurfacePrefab	Airport Details Pack Countinue Pavement Surface Diagnostic B Yellow Surface
SurfacePrefab	Airport Details Pack Countinue Pavement Surface Diagnostic C Yellow Surface
SurfacePrefab	Airport Details Pack Countinue Pavement Surface Diagnostic D Yellow Surface
